
-- Objects
INSERT INTO objects(name,subject_id,place,address) 
     VALUES ('Subject 1',-1,'city','Address subject 1'),
			('Object 1_1',1,'district','Address object 1'),
			('Object 1_2',1,'city','Address object 2'),
			('Subject 2',-1,'district','Address subject 2'),
			('Object 2_1',4,'city','Address object 2_1'),
			('Object 2_2',4,'district','Address object 2_2');


INSERT INTO instructions(number,object_id,started,ended) 
     VALUES ('1_1',1,0,0),
			('1_2_2',2,0,0),
			('1_2_3',2,0,0),
			('1_2_4',2,0,0),
			('2_5',4,0,0),
			('2_5_6',5,0,0),
			('2_6_7',6,0,0);



INSERT INTO acts(instruction_id,created,event,type,place,reason) 
     VALUES (1,0,'plan','seb-zpp','market',''),
			(2,0,'unplan','seb','catering','president'),
			(3,0,'unplan','zpp','industry','appeal'),
			(4,0,'unplan','seb','market','instruction'),
			(5,0,'plan','seb-zpp','catering',''),
			(6,0,'plan','seb-zpp','industry',''),
			(7,0,'unplan','zpp','market','appeal');

INSERT INTO protocols(act_id,type)
	 VALUES (1,'official'),
	 		(1,'legal'),
	 		(1,'individual'),
	 		(2,'official'),
	 		(2,'legal'),
	 		(2,'individual'),
	 		(3,'official'),
	 		(3,'legal'),
	 		(3,'individual'),
	 		(4,'official'),
	 		(4,'legal'),
	 		(4,'individual'),
	 		(5,'official'),
	 		(5,'legal'),
	 		(5,'individual'),
	 		(6,'official'),
	 		(6,'legal'),
	 		(6,'individual'),
	 		(7,'official'),
	 		(7,'legal'),
	 		(7,'individual');

INSERT INTO articles(document_id,protocol_id,summa,send_court,recv_court,recv_court_description)
	 VALUES (1,1,3.0,true,true,'Description'),
	 		(2,1,3.0,false,false,''),
	 		(3,1,4.0,true,false,''),
	 		(1,2,3.0,true,true,'Description'),
	 		(2,2,3.0,false,false,''),
	 		(3,2,4.0,true,false,''),
	 		(1,3,3.0,true,true,'Description'),
	 		(2,3,3.0,false,false,''),
	 		(3,3,4.0,true,false,''),
	 		(1,4,3.0,true,true,'Description'),
	 		(2,4,3.0,false,false,''),
	 		(3,4,4.0,true,false,''),
	 		(1,5,3.0,true,true,'Description'),
	 		(2,5,3.0,false,false,''),
	 		(3,5,4.0,true,false,''),
	 		(1,6,3.0,true,true,'Description'),
	 		(2,6,3.0,false,false,''),
	 		(3,6,4.0,true,false,''),
	 		(1,7,3.0,true,true,'Description'),
	 		(2,7,3.0,false,false,''),
	 		(3,7,4.0,true,false,''),
	 		(1,8,3.0,true,true,'Description'),
	 		(2,8,3.0,false,false,''),
	 		(3,8,4.0,true,false,''),
	 		(1,9,3.0,true,true,'Description'),
	 		(2,9,3.0,false,false,''),
	 		(3,9,4.0,true,false,''),
	 		(1,10,3.0,true,true,'Description'),
	 		(2,10,3.0,false,false,''),
	 		(3,10,4.0,true,false,''),
	 		(1,11,3.0,true,true,'Description'),
	 		(2,11,3.0,false,false,''),
	 		(3,11,4.0,true,false,''),
	 		(1,12,3.0,true,true,'Description'),
	 		(2,12,3.0,false,false,''),
	 		(3,12,4.0,true,false,''),
	 		(1,13,3.0,true,true,'Description'),
	 		(2,13,3.0,false,false,''),
	 		(3,13,4.0,true,false,''),
	 		(1,14,3.0,true,true,'Description'),
	 		(2,14,3.0,false,false,''),
	 		(3,14,4.0,true,false,''),
	 		(1,15,3.0,true,true,'Description'),
	 		(2,15,3.0,false,false,''),
	 		(3,15,4.0,true,false,''),
	 		(1,16,3.0,true,true,'Description'),
	 		(2,16,3.0,false,false,''),
	 		(3,16,4.0,true,false,''),
	 		(1,17,3.0,true,true,'Description'),
	 		(2,17,3.0,false,false,''),
	 		(3,17,4.0,true,false,''),
	 		(1,18,3.0,true,true,'Description'),
	 		(2,18,3.0,false,false,''),
	 		(3,18,4.0,true,false,''),
	 		(1,19,3.0,true,true,'Description'),
	 		(2,19,3.0,false,false,''),
	 		(3,19,4.0,true,false,''),
	 		(1,20,3.0,true,true,'Description'),
	 		(2,20,3.0,false,false,''),
	 		(3,20,4.0,true,false,''),
	 		(1,21,3.0,true,true,'Description'),
	 		(2,21,3.0,false,false,''),
	 		(3,21,4.0,true,false,'');


INSERT INTO documents(name,description)
	 VALUES ('1.1.1','Описание статьи 111'),
	 		('2.2.2','Описание статьи 222'),
	 		('3.3.3','Описание статьи 333');
